{
                "billingAccount": {
                                "name": "N26_143048000",
                                "serviceAliasInfo": {
                                                "serviceAlias": [{
                                                                "aliasId": "108201",
                                                                "aliasType": "DEDICATED"
                                                }]
                                },
                                "externalSystemInfo": {
                                                "systemInfo": [{
                                                                "externalSystemId": "32861",
                                                                "externalSystemType": "CORE"
                                                }]
                                },
                                "currency": "USD",
                                "contractEntity": "CONTRACT_US",
                                "org": "US",
                                "lineOfBusiness": "DEDICATED",
                                "primaryAddress": {
                                                "addressLine1": "41 Monroe Dr",
                                                "city": "Maple Shade",
                                                "state": "NJ",
                                                "zip": "08052",
                                                "country": "FI"
                                },
                                "billingAddress": {
                                                "addressLine1": "5000 Walzem",
                                                "city": "San Antonio",
                                                "state": "TX",
                                                "zip": "78154",
                                                "country": "US"
                                },
                                "contactInfo": {
                                                "contact": [{
                                                                "contactId": "test_contact_002",
                                                                "firstName": "Padmanabhan",
                                                                "lastName": "Manoharan",
                                                                "salutation": "Mr",
                                                                "title": "Paddy",
                                                                "email": "padmanabhan.manohara@rackspace.com",
                                                                "address": {
                                                                                "addressLine1": "41 Monroe Dr",
                                                                                "city": "Maple Shade",
                                                                                "state": "NS",
                                                                                "zip": "08052",
                                                                                "country": "US"
                                                                },
                                                                "roles": [{
                                                                                "roleName": "BILLING",
                                                                                "isDefault": "true",
                                                                                "preferences": {
                                                                                                "isInvoiceEmailDelivery": "true",
                                                                                                "thresholdNotificationOption": "true"
                                                                                }
                                                                }, {
                                                                                "roleName": "PRIMARY",
                                                                                "isDefault": "false"
                                                                }],
                                                                "phoneNumbers": {
                                                                                "phoneNumber": [{
                                                                                                "number": "2152674738",
                                                                                                "type": "HOME"
                                                                                }, {
                                                                                                "number": "2012674738",
                                                                                                "type": "OFFICE"
                                                                                }]
                                                                }
                                                }]
                                },
                                "billInfo": {
                                                "billingDayOfMonth": "1",
                                                "invoiceDeliveryMethod": "PAPERLESS"
                                },
        "signupDate": "2017-10-12T02:39:59.325Z",
                                "paymentInfo": {
                                                "paymentType": "INVOICE",
                                                "paymentTerms": "NET_45"
                                },
                                "supportInfo": {
                                                "revenueTeamNumber": "342",
                                                "businessUnit": "321"
                                },
                                "taxInfo": {
                                                "taxId": "asdfadf",
                                                "businessType": "CONSUMER"
                                }
                }
}