{
                "billingAccount": {
                                "name": "N26_143048000",
                                "serviceAliasInfo": {
                                                "serviceAlias": [{
                                                                "aliasId": "$SLALIASID",
                                                                "aliasType": "DEDICATED"
                                                }]
                                },
                                "externalSystemInfo": {
                                                "systemInfo": [{
                                                                "externalSystemId": "$SLEXTERNALSYSTEMID",
                                                                "externalSystemType": "CORE"
                                                }]
                                },
                                "currency": "$SLCURRENCY",
                                "contractEntity": "$SLCONTRACTENTITY",
                                "org": "US",
                                "lineOfBusiness": "$SLLINEOFBUSINESS",
                                "primaryAddress": {
                                                "addressLine1": "41 Monroe Dr",
                                                "city": "Maple Shade",
                                                "state": "NJ",
                                                "zip": "08052",
                                                "country": "FI"
                                },
                                "billingAddress": {
                                                "addressLine1": "5000 Walzem",
                                                "city": "San Antonio",
                                                "state": "TX",
                                                "zip": "78154",
                                                "country": "US"
                                },
                                "contactInfo": {
                                                "contact": [{
                                                                "contactId": "test_contact_$SLALIASID",
                                                                "firstName": "Hari",
                                                                "lastName": "Durai",
                                                                "salutation": "Mr",
                                                                "title": "HP",
                                                                "email": "hari.durai@rackspace.com",
                                                                "address": {
                                                                                "addressLine1": "41 Monroe Dr",
                                                                                "city": "Maple Shade",
                                                                                "state": "NS",
                                                                                "zip": "08052",
                                                                                "country": "US"
                                                                },
                                                                "roles": [{
                                                                                "roleName": "BILLING",
                                                                                "isDefault": "true",
                                                                                "preferences": {
                                                                                                "isInvoiceEmailDelivery": "true",
                                                                                                "thresholdNotificationOption": "true"
                                                                                }
                                                                }, {
                                                                                "roleName": "PRIMARY",
                                                                                "isDefault": "false"
                                                                }],
                                                                "phoneNumbers": {
                                                                                "phoneNumber": [{
                                                                                                "number": "2152674738",
                                                                                                "type": "HOME"
                                                                                }, {
                                                                                                "number": "2012674738",
                                                                                                "type": "OFFICE"
                                                                                }]
                                                                }
                                                }]
                                },
                                "billInfo": {
                                                "billingDayOfMonth": "1",
                                                "invoiceDeliveryMethod": "$SLINVOICEDELIVERYMETHOD"
                                },
        "signupDate": "$SLSIGNUPDATE",
                                "paymentInfo": {
                                                "paymentType": "$SLPAYMENTTYPE",
                                                "paymentTerms": "$SLPAYMENTTERMS",
                                                "notificationOption": "$SLNOTIFICATIONOPTION"
                                },
                                "supportInfo": {
                                                "revenueTeamNumber": "342",
                                                "businessUnit": "321"
                                },
                                "taxInfo": {
                                                "taxId": "$SLTAXID",
                                                "businessType": "CONSUMER"
                                }
                }
}