
{
  "billingAccount": {
    "lineOfBusiness": "UK_CLOUD",
    "currency": "USD",
    "taxInfo": {
      "taxId": "TAC0001",
      "businessType": "BUSINESS"
    },
    "externalBillingSystemInfo": {
      "externalAccountNumber": "345614",
      "externalBillingSystemName": "EBS",
      "invoicedInExternalBillingSystem": true
    },
    "accountNumber": "$SLACCOUNTNUMBER",
    "signupDate": "$SLSIGNUPDATE",
    "contactInfo": {
      "contact": [
        {
          "middleName": "Bob",
          "lastName": "Sawyer",
          "title": "Tom",
          "contactId": "6767",
          "email": "thirumalesh.g@rackspace.com",
          "address": {
            "zip": "78218",
            "state": "TX",
            "addressLine1": "5000 Walzem Road",
            "country": "US",
            "city": "San Antonio"
          },
          "roles": [
            {
              "isDefault": false,
              "roleName": "BILLING",
              "preferences": {
                "isInvoiceEmailDelivery": true,
                "thresholdNotificationOption": true
              }
            },
            {
              "isDefault": true,
              "roleName": "PRIMARY"
            }
          ],
          "phoneNumbers": {
            "phoneNumber": [
              {
                "number": "1234",
                "type": "HOME"
              }
            ]
          },
          "salutation": "Mr.",
          "firstName": "Tom"
        },
        {
          "middleName": "Bin",
          "lastName": "Tritz",
          "title": "Mark",
          "contactId": "4532",
          "email": "thirumalesh.g@rackspace.com",
          "address": {
            "zip": "78218",
            "state": "TX",
            "addressLine1": "5002 Walzem Road",
            "country": "US",
            "city": "San Antonio"
          },
          "roles": [
            {
              "isDefault": true,
              "roleName": "BILLING",
              "preferences": {
                "isInvoiceEmailDelivery": true,
                "thresholdNotificationOption": true
              }
            },
            {
              "isDefault": false,
              "roleName": "PRIMARY"
            }
          ],
          "phoneNumbers": {
            "phoneNumber": [
              {
                "number": "3232",
                "type": "HOME"
              }
            ]
          },
          "salutation": "Mr.",
          "firstName": "Mark"
        }
      ]
    },
    "name": "amazon",
    "billInfo": {
      "billingDayOfMonth": 1
    },
    "supportInfo": {
      "businessUnit": "1002",
      "revenueTeamNumber": "10001",
      "serviceLevel": "MANAGED",
      "serviceType": "SYSOPS"
    },
    "primaryAddress": {
      "zip": "78154",
      "state": "TX",
      "addressLine1": "asdf",
      "country": "US",
      "city": "Chennai"
    },
    "contractEntity": "CONTRACT_UK_LTD",
    "paymentInfo": {
      "paymentType": "INVOICE",
      "notificationOption": "OPT_IN",
      "paymentTerms": "NET_30"
    },
    "billingAddress": {
      "zip": "78154",
      "state": "TX",
      "addressLine1": "asdf",
      "country": "US",
      "city": "Chennai"
    },
    "signUpInfo": {
      "signUpData": [
        {
          "dataType": "FRAUD_SCORE",
          "dataDetail": "723"
        }
      ]
    }
  }
}